time/time_elapsed,time/fps,rollout/ep_len_mean,rollout/ep_rew_mean,time/iterations,time/total_timesteps,train/clip_fraction,train/policy_gradient_loss,train/clip_range,train/value_loss,train/entropy_loss,train/n_updates,train/loss,train/approx_kl,train/explained_variance,train/learning_rate,eval/mean_ep_length,eval/mean_reward
5,348,46.11363636363637,-26.177036500000007,1,2048,,,,,,,,,,,,
32,125,46.125,-24.8248365,2,4096,0.065625,-0.008681774194701574,0.2,10.908882381767034,-2.1902672439813613,10,5.148544788360596,0.008311201,-0.020446062088012695,0.0003,,
43,141,46.14,-24.627362770000005,3,6144,0.039697265625,-0.007325200652121566,0.2,10.760119181871413,-2.1797138929367064,20,2.2220659255981445,0.00838846,0.3612620234489441,0.0003,,
53,152,46.12,-24.266789820000003,4,8192,0.028076171875,-0.004608318200916983,0.2,6.259132912009955,-2.1831968761980534,30,1.985748529434204,0.008511176,0.7158807516098022,0.0003,,
,,,,,10000,0.05107421875,-0.006364913743163924,0.2,3.6802110727876425,-2.182909335196018,40,2.1945598125457764,0.0073797884,0.8756754398345947,0.0003,46.0,-20.35666662454605
62,162,46.04,-24.83322204,5,10240,,,,,,,,,,,,
73,167,46.05,-26.50604256,6,12288,0.03330078125,-0.00563900044944603,0.2,4.059947380423546,-2.1781844913959505,50,1.9309924840927124,0.008127567,0.8965508937835693,0.0003,,
81,175,46.13,-26.265023420000002,7,14336,0.0669921875,-0.0078819764778018,0.2,4.016642094030976,-2.1801949605345725,60,2.1644954681396484,0.010351188,0.8960861563682556,0.0003,,
90,181,46.14,-25.35183518,8,16384,0.05537109375,-0.008486841383273713,0.2,2.440755008161068,-2.1775431208312512,70,1.0798639059066772,0.008569316,0.9169192910194397,0.0003,,
100,184,46.14,-25.322345109999997,9,18432,0.055615234375,-0.007126347269513644,0.2,4.124903515726328,-2.154740934818983,80,1.4310691356658936,0.009015135,0.8985106945037842,0.0003,,
,,,,,20000,0.075439453125,-0.009857593817287125,0.2,2.027494273148477,-2.141738227754831,90,0.5560472011566162,0.01072377,0.9376707673072815,0.0003,46.0,-23.181480967998503
109,187,46.1,-25.542886910000004,10,20480,,,,,,,,,,,,
117,191,46.04,-24.81195725,11,22528,0.07470703125,-0.009913317940663547,0.2,2.1362798377871512,-2.1434989951550962,100,0.7826089859008789,0.011052171,0.9347354769706726,0.0003,,
126,193,46.04,-24.994777389999996,12,24576,0.110595703125,-0.015292701963335275,0.2,1.5560874864459038,-2.154048361629248,110,0.5611791014671326,0.010360778,0.947323203086853,0.0003,,
137,193,46.11,-25.81552289,13,26624,0.1146484375,-0.015052496804855764,0.2,1.9090037511661648,-2.151656322181225,120,0.7005018591880798,0.011693452,0.9313404560089111,0.0003,,
146,195,46.15,-26.017147280000003,14,28672,0.07724609375,-0.010303648270200938,0.2,1.783314422890544,-2.152806066721678,130,0.8997411131858826,0.009139975,0.9420064687728882,0.0003,,
,,,,,30000,0.08857421875,-0.011340665130410344,0.2,2.3633257281035185,-2.144377638399601,140,0.9938046932220459,0.010776412,0.9378692507743835,0.0003,46.0,-26.195370042324065
157,195,46.12,-24.938398820000003,15,30720,,,,,,,,,,,,
178,183,46.1,-24.888209779999997,16,32768,0.09091796875,-0.009437066325335763,0.2,1.605969756282866,-2.1383575454354284,150,0.23387688398361206,0.009302123,0.9383386969566345,0.0003,,
218,159,46.11,-25.010094859999995,17,34816,0.139208984375,-0.015038714112597518,0.2,1.6458355322480203,-2.1214429035782816,160,0.5447551012039185,0.0112974085,0.9443631768226624,0.0003,,
257,143,46.14,-25.1747942,18,36864,0.115869140625,-0.011287225715932436,0.2,1.7076314641162753,-2.114848816394806,170,0.7144953012466431,0.010271521,0.9482642412185669,0.0003,,
295,131,46.08,-24.258421260000006,19,38912,0.147802734375,-0.014985503439675085,0.2,1.6853167087771,-2.1181179605424405,180,0.37504929304122925,0.0109066265,0.9319750070571899,0.0003,,
,,,,,40000,0.10126953125,-0.010725929963518866,0.2,1.412224283069372,-2.112413092702627,190,0.34006136655807495,0.011435564,0.9412651062011719,0.0003,46.0,-21.864814603328703
326,125,46.13,-24.686321290000002,20,40960,,,,,,,,,,,,
364,117,46.15,-25.578154689999998,21,43008,0.0810546875,-0.008596817731449847,0.2,2.604977800697088,-2.114486540853977,200,0.8273975253105164,0.010126296,0.9028832912445068,0.0003,,
396,113,46.09,-25.33083378,22,45056,0.15302734375,-0.01679150695272256,0.2,1.9257027231156827,-2.112839734554291,210,0.8190720081329346,0.011879254,0.9366323947906494,0.0003,,
433,108,46.14,-25.09713013,23,47104,0.16875,-0.015534575941273943,0.2,1.0121984465047718,-2.110053411126137,220,0.3170565068721771,0.012642672,0.9604524970054626,0.0003,,
471,104,46.16,-24.707608069999996,24,49152,0.1185546875,-0.014134075210313313,0.2,1.1333235724829138,-2.0936263747513295,230,0.3887709975242615,0.01105481,0.9555606245994568,0.0003,,
,,,,,50000,0.134033203125,-0.016430158598814158,0.2,1.0616221935488284,-2.0718951515853403,240,0.3437707722187042,0.011132713,0.9511623382568359,0.0003,46.2,-27.074907183647156
511,100,46.1,-24.477798460000002,25,51200,,,,,,,,,,,,
553,96,46.08,-24.85947612,26,53248,0.135498046875,-0.012426783022237941,0.2,1.4250129340216517,-2.0388429924845695,250,0.6760598421096802,0.010578922,0.9469870924949646,0.0003,,
593,93,46.11,-25.273638500000008,27,55296,0.0853515625,-0.009244091785512864,0.2,1.1254408796317876,-2.047875003516674,260,0.3358994722366333,0.008411195,0.9514331221580505,0.0003,,
634,90,46.1,-25.821369849999996,28,57344,0.065234375,-0.008801229312666692,0.2,1.5310794761404396,-2.0455791778862475,270,0.7509978413581848,0.009897692,0.9545182585716248,0.0003,,
1131,52,46.08,-25.059670389999994,29,59392,0.080322265625,-0.011689042841317132,0.2,1.4730117550119757,-2.0319665618240834,280,0.33336061239242554,0.008139705,0.9307025671005249,0.0003,,
,,,,,60000,0.10244140625,-0.011706340496311895,0.2,1.5840490458533167,-2.0730959728360174,290,0.46822333335876465,0.009082955,0.937714159488678,0.0003,46.2,-26.00411099269986
1141,53,46.08,-25.063366809999998,30,61440,,,,,,,,,,,,
1149,55,46.1,-25.05388794999999,31,63488,0.127001953125,-0.014193166306358761,0.2,1.1370877432636917,-2.0897870056331156,300,0.3121265769004822,0.01055458,0.9467673897743225,0.0003,,
1158,56,46.09,-25.262734490000003,32,65536,0.11455078125,-0.0111619443341624,0.2,0.8904579546302557,-2.0770461283624173,310,0.2508802115917206,0.0108363945,0.9583390951156616,0.0003,,
1166,57,46.1,-24.615399529999994,33,67584,0.07744140625,-0.010306571892579086,0.2,1.3512123199179769,-2.0943270988762377,320,0.3947528600692749,0.011268122,0.9320241808891296,0.0003,,
1175,59,46.09,-24.46220787999999,34,69632,0.094873046875,-0.011133707175031305,0.2,1.2887365804985165,-2.081938198953867,330,0.4740784764289856,0.010123575,0.9597290754318237,0.0003,,
,,,,,70000,0.12080078125,-0.012472940477891825,0.2,1.013543436024338,-2.062237523496151,340,0.190343976020813,0.009702645,0.9596343636512756,0.0003,46.0,-23.121296325325964
1184,60,46.09,-25.060202249999996,35,71680,,,,,,,,,,,,
1193,61,46.1,-25.6774928,36,73728,0.133984375,-0.013360181292227935,0.2,1.4494863821193575,-2.0752207413315773,350,0.412769079208374,0.013394833,0.9341333508491516,0.0003,,
1202,63,46.07,-25.84511211,37,75776,0.148828125,-0.018288833842962048,0.2,1.663224765844643,-2.0408872105181217,360,0.5203372836112976,0.012744197,0.9479535818099976,0.0003,,
1211,64,46.07,-25.560695939999995,38,77824,0.1251953125,-0.01208714586100541,0.2,1.3174723338335752,-2.0534351035952567,370,0.4072093665599823,0.0110424,0.9551310539245605,0.0003,,
1220,65,46.03,-25.23788113,39,79872,0.098779296875,-0.01284272653865628,0.2,1.1062712096609175,-2.0209047555923463,380,0.3202785849571228,0.0102406815,0.9657784104347229,0.0003,,
,,,,,80000,0.143115234375,-0.019441231671953572,0.2,1.3596646821126341,-2.0040323957800865,390,0.6052674651145935,0.012679731,0.9515096545219421,0.0003,46.0,-24.383333206176758
1229,66,46.05,-25.09862871,40,81920,,,,,,,,,,,,
1237,67,46.06,-24.741248989999995,41,83968,0.07978515625,-0.010309720796067267,0.2,1.150125699210912,-2.000908125936985,400,0.5103630423545837,0.0086741,0.9572290778160095,0.0003,,
1246,69,46.05,-24.84513087,42,86016,0.1337890625,-0.01231466960744001,0.2,1.0846672690473498,-2.000168990343809,410,0.2895098030567169,0.011016376,0.954767107963562,0.0003,,
1255,70,46.1,-24.673049390000003,43,88064,0.107568359375,-0.011147318307484966,0.2,1.3404538506641983,-1.9998021304607392,420,0.46600621938705444,0.010664187,0.9374997019767761,0.0003,,
,,,,,90000,0.106005859375,-0.011303890228737146,0.2,1.2223566088825464,-1.9706035919487477,430,0.5309805870056152,0.008471886,0.9573619365692139,0.0003,46.0,-22.776851707696913
1263,71,46.13,-24.187649239999992,44,90112,,,,,,,,,,,,
1272,72,46.08,-24.81560002,45,92160,0.14931640625,-0.013854053226532414,0.2,1.7651480201631784,-1.9792201895266772,440,0.5972050428390503,0.012235995,0.942530632019043,0.0003,,
1281,73,46.04,-26.090372629999997,46,94208,0.08876953125,-0.010483965155435726,0.2,1.226210173405707,-1.9867954865097999,450,0.16976387798786163,0.008070674,0.940986156463623,0.0003,,
1290,74,46.06,-25.587263789999998,47,96256,0.14970703125,-0.01612118630728219,0.2,1.1851457628421485,-1.9635832715779542,460,0.3388916850090027,0.011323221,0.9559729099273682,0.0003,,
1299,75,46.07,-25.508726250000006,48,98304,0.095556640625,-0.016918601785437203,0.2,1.1031040248461068,-1.9766369841992855,470,0.177983358502388,0.011263783,0.954663872718811,0.0003,,
,,,,,100000,0.139697265625,-0.014228943524358328,0.2,1.1024312425404788,-1.9565684746950864,480,0.3570472300052643,0.014259266,0.9407597780227661,0.0003,46.2,-24.445370316505432
1308,76,46.04,-25.889961879999998,49,100352,,,,,,,,,,,,
1317,77,46.01,-25.20449232,50,102400,0.130908203125,-0.012544467853149398,0.2,1.2911351106129587,-1.9546590089797973,490,0.14671222865581512,0.013317227,0.9506061673164368,0.0003,,
1325,78,46.05,-24.02246058,51,104448,0.152099609375,-0.013888549080002121,0.2,0.9951834614388645,-1.9507353365421296,500,0.5764486193656921,0.014031859,0.950376033782959,0.0003,,
1335,79,46.07,-23.82978819000001,52,106496,0.1662109375,-0.0170993420179002,0.2,0.6230352726299315,-1.925529867783189,510,0.24209201335906982,0.014478257,0.9638473391532898,0.0003,,
1344,80,46.06,-24.461360690000003,53,108544,0.142822265625,-0.009478866070276126,0.2,0.5635473549831659,-1.9413451056927442,520,0.375334769487381,0.0147945285,0.9751547574996948,0.0003,,
,,,,,110000,0.120654296875,-0.014342289335036184,0.2,1.0486855934374035,-1.8885772276669741,530,0.34772464632987976,0.010209493,0.9426282644271851,0.0003,46.0,-23.71044968366623
1353,81,46.06,-24.63445394,54,110592,,,,,,,,,,,,
1361,82,46.04,-23.99385809,55,112640,0.102978515625,-0.010093075144686737,0.2,0.6675172246992588,-1.8833869729191064,540,0.049510080367326736,0.011612149,0.965290904045105,0.0003,,
1370,83,46.04,-25.609004719999994,56,114688,0.123193359375,-0.01292824066185858,0.2,1.2803980064578355,-1.8647783800959588,550,0.6159071326255798,0.011315996,0.9457240700721741,0.0003,,
1379,84,46.04,-26.00453626,57,116736,0.107275390625,-0.010327993248938582,0.2,0.9573851533234119,-1.876001226529479,560,0.20598305761814117,0.012335377,0.9550591707229614,0.0003,,
1388,85,46.0,-24.585677509999996,58,118784,0.16953125,-0.016962170202168635,0.2,1.122535737324506,-1.842619999498129,570,0.17055222392082214,0.013251068,0.9573189616203308,0.0003,,
,,,,,120000,0.11962890625,-0.01362935233337339,0.2,0.994552262686193,-1.8441363044083119,580,0.18728427588939667,0.011273127,0.9455320239067078,0.0003,46.0,-21.037592643499373
1398,86,46.01,-25.263388480000003,59,120832,,,,,,,,,,,,
1407,87,46.02,-24.87926612,60,122880,0.115576171875,-0.0127355431613978,0.2,1.1098645185120404,-1.794754983484745,590,0.393025666475296,0.010301142,0.950872540473938,0.0003,,
1416,88,46.03,-25.076457269999995,61,124928,0.114208984375,-0.011045817744161468,0.2,0.8754589796997607,-1.8607938405126334,600,0.3427840769290924,0.0108010005,0.9458217024803162,0.0003,,
1425,89,46.07,-25.010367389999995,62,126976,0.12001953125,-0.015517609694506973,0.2,1.4354347871616482,-1.8447223775088788,610,0.22598442435264587,0.0097584,0.9362764358520508,0.0003,,
1434,89,46.08,-24.550285310000003,63,129024,0.139306640625,-0.014521577986306511,0.2,0.5324948055204004,-1.8412039384245873,620,0.08787383884191513,0.011836691,0.9631848931312561,0.0003,,
,,,,,130000,0.140576171875,-0.01419339133426547,0.2,1.0055640411563218,-1.838710233196616,630,0.42322295904159546,0.0133438725,0.9490324258804321,0.0003,46.0,-21.923333358764648
1444,90,46.06,-24.398444960000003,64,131072,,,,,,,,,,,,
1452,91,46.03,-24.7365468,65,133120,0.129736328125,-0.014084697203361429,0.2,0.736007566517219,-1.8505430065095425,640,0.17142002284526825,0.013983364,0.966321587562561,0.0003,,
1461,92,46.06,-24.402420429999996,66,135168,0.1306640625,-0.014728557466878556,0.2,0.8228705057408661,-1.8580957338213921,650,0.12560401856899261,0.01057636,0.9586092829704285,0.0003,,
1470,93,46.08,-25.466951509999998,67,137216,0.133349609375,-0.011880541383288801,0.2,0.47881013695150615,-1.8273563902825116,660,0.1530246138572693,0.011252988,0.9669087529182434,0.0003,,
1479,94,46.06,-25.14841395,68,139264,0.0958984375,-0.009219210776791442,0.2,1.0417150249704719,-1.847650333121419,670,0.2228875756263733,0.011267306,0.9455159306526184,0.0003,,
,,,,,140000,0.101123046875,-0.009820835513528437,0.2,0.8302026049699635,-1.8596972189843655,680,0.2757933437824249,0.009270113,0.9600023627281189,0.0003,46.0,-22.799999868869783
1488,94,46.05,-25.11433392,69,141312,,,,,,,,,,,,
1497,95,46.03,-25.705458380000003,70,143360,0.1171875,-0.013766241219127551,0.2,0.7482491782400758,-1.8660662814974784,690,0.172681987285614,0.012431693,0.9600763916969299,0.0003,,
1505,96,46.02,-25.571190439999995,71,145408,0.081884765625,-0.01156404962966917,0.2,1.1602542450651527,-1.8445582449436189,700,0.4094850718975067,0.010123542,0.9426737427711487,0.0003,,
1513,97,46.03,-25.517585280000002,72,147456,0.11689453125,-0.013966226522461512,0.2,1.0371298015117645,-1.860726221650839,710,0.23812313377857208,0.010653162,0.9483748078346252,0.0003,,
1521,98,46.06,-25.42009328,73,149504,0.105712890625,-0.010688377496262547,0.2,0.5681529157795012,-1.845752700418234,720,0.06559320539236069,0.010069587,0.9733964800834656,0.0003,,
,,,,,150000,0.118359375,-0.009922429706784896,0.2,0.6523288637399673,-1.825723524019122,730,0.18751806020736694,0.01062662,0.9670857191085815,0.0003,46.0,-26.10739412009716
1530,99,46.07,-25.260188319999994,74,151552,,,,,,,,,,,,
1539,99,46.05,-26.230049000000005,75,153600,0.066650390625,-0.009536769305123016,0.2,1.3837659135460854,-1.8058806393295526,740,0.38677334785461426,0.009031374,0.9476950168609619,0.0003,,
1547,100,46.05,-25.476854740000004,76,155648,0.0828125,-0.010159262618981302,0.2,1.113679905794561,-1.858132128044963,750,0.36600634455680847,0.009115923,0.9543706178665161,0.0003,,
1555,101,46.04,-25.553852270000007,77,157696,0.09208984375,-0.009872570421430282,0.2,1.1759290816262364,-1.817378130927682,760,0.34747806191444397,0.010144371,0.9562665224075317,0.0003,,
1563,102,46.05,-25.91601762,78,159744,0.1111328125,-0.014326104710926301,0.2,0.9651807189919055,-1.8327135771512986,770,0.21970760822296143,0.011170015,0.9515552520751953,0.0003,,
,,,,,160000,0.14326171875,-0.015462572436081245,0.2,1.123408696986735,-1.8422300688922406,780,0.18091866374015808,0.015184181,0.9564754366874695,0.0003,46.0,-30.085369968414305
1572,102,46.09,-25.306454829999996,79,161792,,,,,,,,,,,,
1580,103,46.1,-25.060771300000003,80,163840,0.163916015625,-0.018681193006341346,0.2,0.8061689808964729,-1.7793613359332086,790,0.12573163211345673,0.014233785,0.9652706384658813,0.0003,,
1588,104,46.08,-26.313427159999996,81,165888,0.167919921875,-0.016345123341307045,0.2,1.0856959895230829,-1.7973830297589302,800,0.3530820310115814,0.014915449,0.9573506116867065,0.0003,,
1597,105,46.04,-26.858591320000002,82,167936,0.113916015625,-0.01520394264080096,0.2,1.16523573147133,-1.7528648559004067,810,0.3482193052768707,0.010806143,0.9403098225593567,0.0003,,
1605,105,46.03,-26.31847225,83,169984,0.103466796875,-0.011688290479651187,0.2,1.1828440309502184,-1.781250212341547,820,0.3060081899166107,0.008688603,0.9477332234382629,0.0003,,
,,,,,170000,0.116552734375,-0.009979774922248908,0.2,0.8927062450442463,-1.7880022637546062,830,0.11193733662366867,0.010280962,0.9621514081954956,0.0003,46.2,-25.460036916285752
1613,106,46.06,-25.104991510000005,84,172032,,,,,,,,,,,,
1622,107,46.09,-25.282618480000007,85,174080,0.113427734375,-0.011482291523134337,0.2,0.7643148578237742,-1.8184274841099977,840,0.0861361026763916,0.009839779,0.9338259100914001,0.0003,,
1630,108,46.1,-24.626980690000003,86,176128,0.128857421875,-0.012588232923008036,0.2,0.719241979951039,-1.8215465411543845,850,0.08351101726293564,0.01301554,0.9594298005104065,0.0003,,
1642,108,46.06,-24.79785662,87,178176,0.13046875,-0.011087584562483243,0.2,0.5013536332640797,-1.8171225853264332,860,0.050752099603414536,0.011566745,0.9654456973075867,0.0003,,
,,,,,180000,0.127294921875,-0.011058625136502086,0.2,0.8068375740200281,-1.8122679594904185,870,0.17853568494319916,0.010351483,0.9623671770095825,0.0003,46.2,-25.455370211601256
1661,108,46.09,-24.625752939999998,88,180224,,,,,,,,,,,,
1677,108,46.08,-24.96199563,89,182272,0.14384765625,-0.016654948942596094,0.2,0.6150741551537067,-1.7903989765793085,880,0.06790929287672043,0.011672993,0.9616262912750244,0.0003,,
1692,108,46.06,-25.123169980000007,90,184320,0.10166015625,-0.009988007339416072,0.2,0.9478407706134021,-1.7747255891561509,890,0.19764827191829681,0.0101120565,0.9405444860458374,0.0003,,
1708,109,46.04,-25.76076398999999,91,186368,0.107373046875,-0.012724226751015522,0.2,0.8426459024660289,-1.747731702402234,900,0.08376094698905945,0.011161659,0.9523674845695496,0.0003,,
1724,109,46.09,-25.968624709999993,92,188416,0.098095703125,-0.013239800733572338,0.2,0.9714615073986351,-1.7194457355886699,910,0.19559739530086517,0.010099096,0.9492015838623047,0.0003,,
,,,,,190000,0.12490234375,-0.013597007657517679,0.2,0.5819012755993753,-1.695883594825864,920,0.22290943562984467,0.011569411,0.9719591736793518,0.0003,46.0,-25.037592548131943
2149,88,46.07,-25.67860347,93,190464,,,,,,,,,,,,
2158,89,46.07,-25.730457660000003,94,192512,0.09296875,-0.010205618865438738,0.2,1.2547178548760711,-1.6789344631135463,930,0.12377671897411346,0.0092679225,0.9587608575820923,0.0003,,
2167,89,46.06,-26.577873739999994,95,194560,0.107763671875,-0.013519504171563312,0.2,1.023566939868033,-1.664089511707425,940,0.30198147892951965,0.009614784,0.9553528428077698,0.0003,,
2177,90,46.04,-25.358487489999998,96,196608,0.155322265625,-0.01668820368940942,0.2,1.011507952027023,-1.7131524313241244,950,0.2995935082435608,0.013928942,0.9659789204597473,0.0003,,
2185,90,46.02,-24.837871749999994,97,198656,0.1232421875,-0.01456941726792138,0.2,0.6991343908011913,-1.7470857109874487,960,0.2623516321182251,0.014606154,0.9578155279159546,0.0003,,
,,,,,200000,0.138916015625,-0.011473148396180476,0.2,0.9507047054823488,-1.733308344334364,970,0.1379200518131256,0.013518062,0.9552359580993652,0.0003,46.2,-28.423372659087182
2196,91,46.02,-25.06149926,98,200704,,,,,,,,,,,,
2205,91,46.04,-25.253907329999997,99,202752,0.164794921875,-0.016183782971347684,0.2,0.9163730271626264,-1.7268567051738501,980,0.17114412784576416,0.013199735,0.9634913802146912,0.0003,,
2214,92,46.03,-25.421912040000002,100,204800,0.137939453125,-0.015948690655932296,0.2,0.9660117799881845,-1.7346612155437469,990,0.2870079278945923,0.012219441,0.9611278772354126,0.0003,,
2223,93,46.03,-25.43220041,101,206848,0.140869140625,-0.01386661855794955,0.2,0.8272276656236499,-1.7507231678813695,1000,0.15966792404651642,0.013454672,0.9586928486824036,0.0003,,
2232,93,46.03,-25.15113413,102,208896,0.111572265625,-0.011409668848500587,0.2,0.778789438912645,-1.756542705371976,1010,0.07844862341880798,0.011744705,0.955431342124939,0.0003,,
,,,,,210000,0.16162109375,-0.014395699443412013,0.2,0.8083894642069935,-1.7512335252016782,1020,0.05269218236207962,0.014626743,0.9477218389511108,0.0003,46.0,-21.00944412946701
2242,94,46.02,-25.101321929999997,103,210944,,,,,,,,,,,,
2250,94,46.01,-25.735810409999996,104,212992,0.0755859375,-0.007707451883470639,0.2,1.0672810309566558,-1.7652231816202402,1030,0.08272189646959305,0.008406397,0.9406875371932983,0.0003,,
2259,95,46.02,-26.655578929999997,105,215040,0.109619140625,-0.01354962870827876,0.2,0.47114233516622334,-1.7904097363352776,1040,0.08269688487052917,0.010905497,0.9690268635749817,0.0003,,
2267,95,46.03,-25.83339399,106,217088,0.123876953125,-0.00877863728092052,0.2,0.6764002209529281,-1.806654803454876,1050,0.1265946477651596,0.0107131405,0.9706650972366333,0.0003,,
2276,96,46.03,-25.97944889,107,219136,0.146923828125,-0.014956651665852406,0.2,0.5755320879165083,-1.8405360858887434,1060,-0.0030669718980789185,0.015341024,0.9601528644561768,0.0003,,
,,,,,220000,0.1005859375,-0.012822088724351487,0.2,0.7637631030753255,-1.7900070574134588,1070,0.14679938554763794,0.008298786,0.9611316323280334,0.0003,46.2,-26.456666499376297
2284,96,46.04,-26.50252538999999,108,221184,,,,,,,,,,,,
2292,97,46.06,-26.990099939999997,109,223232,0.12109375,-0.012831177143380047,0.2,0.6080708529800176,-1.787117761746049,1080,0.08934327960014343,0.010661468,0.9723333120346069,0.0003,,
2301,97,46.06,-24.978198709999997,110,225280,0.187451171875,-0.019390327151631935,0.2,0.5104983105324209,-1.8105872169137,1090,0.03795894235372543,0.014055061,0.9648570418357849,0.0003,,
2309,98,46.08,-25.010665660000004,111,227328,0.1287109375,-0.011064339149743318,0.2,0.4881477653514594,-1.8703441508114338,1100,0.07072184979915619,0.013160022,0.9634724259376526,0.0003,,
2318,98,46.09,-25.69527733,112,229376,0.13603515625,-0.016285841385251843,0.2,0.9401076233945787,-1.8915065959095956,1110,0.1267925351858139,0.013555555,0.9447031021118164,0.0003,,
,,,,,230000,0.115478515625,-0.013401592746959068,0.2,0.460640224639792,-1.8472252566367389,1120,0.11846418678760529,0.013084889,0.9618166089057922,0.0003,46.2,-26.36595211029053
7732,29,46.05,-25.005942409999992,113,231424,,,,,,,,,,,,
18901,12,46.09,-24.160783289999994,114,233472,0.123583984375,-0.010624427566654049,0.2,0.699594057071954,-1.8742666713893414,1130,0.1910514235496521,0.012176892,0.9572478532791138,0.0003,,
18921,12,46.11,-24.795918099999998,115,235520,0.13251953125,-0.015826963578001597,0.2,0.4737468789564446,-1.876460861414671,1140,0.05356194078922272,0.012330595,0.9544243812561035,0.0003,,
18939,12,46.06,-24.809839139999994,116,237568,0.137646484375,-0.012651781752356327,0.2,0.6621992690023035,-1.8588432610034942,1150,0.05296861380338669,0.0113424845,0.9609275460243225,0.0003,,
18957,12,46.05,-24.98380408,117,239616,0.15498046875,-0.01492724229756277,0.2,0.7024640305899084,-1.839741086959839,1160,0.16800935566425323,0.013733384,0.9569631218910217,0.0003,,
,,,,,240000,0.122705078125,-0.011651641661592294,0.2,0.5814896154217422,-1.8748801071196795,1170,0.09467669576406479,0.012489834,0.9678671956062317,0.0003,46.2,-25.026703357696533
18979,12,46.08,-24.827785959999996,118,241664,,,,,,,,,,,,
21523,11,46.08,-24.75375025,119,243712,0.1564453125,-0.014351576691842638,0.2,0.523592939786613,-1.842548930644989,1180,0.017943546175956726,0.013415867,0.9667060375213623,0.0003,,
27796,8,46.09,-24.30942994,120,245760,0.161572265625,-0.01723598294192925,0.2,0.5112225491320714,-1.8569867167621852,1190,0.06455618143081665,0.014523443,0.9663087129592896,0.0003,,
27814,8,46.06,-24.741566829999996,121,247808,0.113671875,-0.00960335039126221,0.2,0.43462787016760557,-1.8227271616458893,1200,0.15507709980010986,0.012266181,0.964267373085022,0.0003,,
27830,8,46.04,-25.728709679999998,122,249856,0.113720703125,-0.014058628701604903,0.2,0.5033625351730734,-1.8539495769888164,1210,0.059584226459264755,0.01070682,0.9736828207969666,0.0003,,
,,,,,250000,0.14072265625,-0.014130734879290684,0.2,0.7401567113120109,-1.8511060982942582,1220,0.1033220887184143,0.011882192,0.9666190147399902,0.0003,46.0,-21.128148114681245
27849,9,46.03,-25.281808670000004,123,251904,,,,,,,,,,,,
27866,9,46.09,-24.53488232,124,253952,0.1228515625,-0.011026469111675397,0.2,0.4469240111997351,-1.8217982038855554,1230,0.08408517390489578,0.011763757,0.976651132106781,0.0003,,
27884,9,46.09,-24.4294115,125,256000,0.118017578125,-0.013505480022286066,0.2,0.4645519184647128,-1.8382771711796522,1240,0.051318638026714325,0.011567166,0.973273754119873,0.0003,,
27901,9,46.07,-25.654893590000007,126,258048,0.129296875,-0.01214353816176299,0.2,0.7906802718993277,-1.7890364993363619,1250,0.147765651345253,0.014292736,0.9479313492774963,0.0003,,
,,,,,260000,0.100341796875,-0.014388051064452156,0.2,1.075049737840891,-1.7884122483432292,1260,0.6465007662773132,0.011683822,0.9408876895904541,0.0003,46.0,-24.987962937355043
27919,9,46.05,-25.420068190000002,127,260096,,,,,,,,,,,,
27936,9,46.03,-24.677253849999996,128,262144,0.134912109375,-0.012998272778349928,0.2,0.5078965381486341,-1.74129894413054,1270,0.031749509274959564,0.011151295,0.9553329944610596,0.0003,,
27953,9,46.04,-24.95435109,129,264192,0.121142578125,-0.012068315839860589,0.2,0.4862280841451138,-1.6684262197464705,1280,0.10695492476224899,0.009963174,0.9697788953781128,0.0003,,
28520,9,46.02,-25.11572953,130,266240,0.11552734375,-0.012209125691151712,0.2,0.7681456930935383,-1.6947515308856964,1290,0.18833869695663452,0.011597866,0.9664873480796814,0.0003,,
35111,7,46.05,-25.432462049999994,131,268288,0.1,-0.011498373304493725,0.2,0.7027030866127462,-1.7379627428948878,1300,0.1823328137397766,0.011237308,0.9575810432434082,0.0003,,
,,,,,270000,0.11435546875,-0.011894987210689578,0.2,0.5220700499368831,-1.7077059607952834,1310,0.09585973620414734,0.010296352,0.9643644690513611,0.0003,46.2,-24.532275021076202
35125,7,46.06,-24.559357550000005,132,270336,,,,,,,,,,,,
35136,7,46.04,-24.594203649999994,133,272384,0.1337890625,-0.015848640431067908,0.2,0.3778327030595392,-1.70720328502357,1320,0.032110050320625305,0.01258751,0.9682880640029907,0.0003,,
35148,7,46.02,-24.801352440000002,134,274432,0.146044921875,-0.013286149775376543,0.2,0.47711068321950734,-1.7427042927592993,1330,0.06949645280838013,0.012553618,0.9483970999717712,0.0003,,
35159,7,46.05,-25.100504669999996,135,276480,0.1140625,-0.010250421386444941,0.2,0.4883164789527655,-1.6984035901725292,1340,0.006087265908718109,0.010416817,0.9527128338813782,0.0003,,
35170,7,46.05,-25.393550599999998,136,278528,0.118017578125,-0.014214149507461115,0.2,0.5007982482435182,-1.7163905564695596,1350,0.030888773500919342,0.0114467535,0.9653897285461426,0.0003,,
,,,,,280000,0.09638671875,-0.012513988942373544,0.2,0.5807785058859736,-1.716081665456295,1360,0.11526188999414444,0.010300114,0.9703362584114075,0.0003,46.0,-30.19685161113739
35182,7,46.08,-25.378007350000004,137,280576,,,,,,,,,,,,
35194,8,46.06,-24.646759109999998,138,282624,0.109716796875,-0.01158069682714995,0.2,0.36914505034219475,-1.7666717868298292,1370,0.06716004014015198,0.01290183,0.9673409461975098,0.0003,,
35206,8,46.04,-24.37854811,139,284672,0.159716796875,-0.015027968439972028,0.2,0.6323444208595902,-1.719626109302044,1380,0.11300578713417053,0.013332066,0.9616799354553223,0.0003,,
35217,8,46.02,-24.855668659999996,140,286720,0.1732421875,-0.017491708596935496,0.2,0.3563089927658439,-1.757601623609662,1390,0.061095595359802246,0.015730515,0.963614284992218,0.0003,,
35227,8,46.07,-24.7577983,141,288768,0.10625,-0.009707737239659764,0.2,0.45758166250307114,-1.7388991877436637,1400,0.060778096318244934,0.010392329,0.9679032564163208,0.0003,,
,,,,,290000,0.129345703125,-0.012957906929659656,0.2,0.3712592658121139,-1.7420758448541165,1410,0.05339808762073517,0.012345126,0.9729815721511841,0.0003,46.0,-28.92462946176529
35238,8,46.07,-25.40654735,142,290816,,,,,,,,,,,,
35249,8,46.03,-26.15790582,143,292864,0.11806640625,-0.011800542759010569,0.2,0.4489130934001878,-1.767086911574006,1420,0.09261134266853333,0.012441989,0.9601604342460632,0.0003,,
35260,8,46.07,-25.349274909999995,144,294912,0.1076171875,-0.013641658384585753,0.2,0.42459906318690627,-1.742601765319705,1430,0.12018847465515137,0.009316766,0.9756802916526794,0.0003,,
35270,8,46.06,-25.807489979999993,145,296960,0.15595703125,-0.014960603276267647,0.2,0.4486414384795353,-1.7163800287991762,1440,0.08344069868326187,0.014376503,0.9669949412345886,0.0003,,
35281,8,46.07,-25.577705820000002,146,299008,0.129052734375,-0.012509373249486089,0.2,0.5667644093744457,-1.7279187247157097,1450,0.0870957225561142,0.0116638,0.9758689999580383,0.0003,,
,,,,,300000,0.092822265625,-0.012587864932720549,0.2,0.72144790655002,-1.7490032315254211,1460,0.24252043664455414,0.008642724,0.9467241764068604,0.0003,46.2,-24.99333279132843
35292,8,46.06,-24.94949698,147,301056,,,,,,,,,,,,
35309,8,46.05,-25.25841537,148,303104,0.134326171875,-0.015092472537071444,0.2,0.7099435842595995,-1.7679140999913217,1470,0.2189939171075821,0.013740005,0.9612451791763306,0.0003,,
35319,8,46.05,-25.109644720000002,149,305152,0.1310546875,-0.01305246764968615,0.2,0.4872658608481288,-1.8088290128856896,1480,0.19074004888534546,0.0124234855,0.9624482989311218,0.0003,,
35345,8,46.11,-24.899210619999998,150,307200,0.119580078125,-0.014128269416687544,0.2,0.691285615740344,-1.77132830247283,1490,0.1265271008014679,0.010573529,0.9643512964248657,0.0003,,
35376,8,46.12,-25.918278969999996,151,309248,0.120751953125,-0.013798559972201474,0.2,0.5849812353844754,-1.8372287470847368,1500,0.12189342826604843,0.012616161,0.9537233710289001,0.0003,,
,,,,,310000,0.1216796875,-0.017935131464037114,0.2,0.4431935857515782,-1.7887394852936267,1510,0.023871630430221558,0.013851205,0.9622998237609863,0.0003,46.0,-25.71833322942257
35398,8,46.1,-26.431168539999998,152,311296,,,,,,,,,,,,
35421,8,46.08,-26.205178480000004,153,313344,0.10859375,-0.014669990848051383,0.2,0.6290241081267596,-1.7194423787295818,1520,0.10905701667070389,0.011672239,0.9625932574272156,0.0003,,
35444,8,46.08,-25.34902381,154,315392,0.126953125,-0.015477218182059004,0.2,0.4786916850600392,-1.757471491396427,1530,0.12208378314971924,0.011211006,0.9682883024215698,0.0003,,
35466,8,46.07,-25.173282259999997,155,317440,0.1404296875,-0.017212964085047133,0.2,0.48161770482547583,-1.7340749710798264,1540,0.028907228261232376,0.015271742,0.9742043018341064,0.0003,,
35484,9,46.04,-24.613781630000002,156,319488,0.180078125,-0.019464671731111594,0.2,0.3823297808179632,-1.796922180056572,1550,0.0729544535279274,0.01419919,0.9785503149032593,0.0003,,
,,,,,320000,0.12197265625,-0.012845315199228935,0.2,0.4277552403509617,-1.8114714689552784,1560,0.038465529680252075,0.009945339,0.9737722277641296,0.0003,46.0,-25.47722225189209
35506,9,46.04,-24.145386799999997,157,321536,,,,,,,,,,,,
35529,9,46.05,-24.186633670000003,158,323584,0.154248046875,-0.015346558034070767,0.2,0.6473639120347798,-1.7134613417088986,1570,0.10202932357788086,0.014086179,0.9639180898666382,0.0003,,
35551,9,46.06,-24.944087490000005,159,325632,0.119677734375,-0.01317766094871331,0.2,0.5539274791022762,-1.7079371348023415,1580,0.2572813630104065,0.011194194,0.9668557643890381,0.0003,,
35574,9,46.05,-25.24425666,160,327680,0.115673828125,-0.013710583189094905,0.2,0.5677840756252408,-1.756855494529009,1590,0.03931967541575432,0.012079212,0.9577540159225464,0.0003,,
35597,9,46.09,-25.32328866,161,329728,0.140673828125,-0.01559510219085496,0.2,0.5325960948131978,-1.7518064297735692,1600,0.05624576658010483,0.016510399,0.9612623453140259,0.0003,,
,,,,,330000,0.14033203125,-0.015427183260908351,0.2,0.5557742794044316,-1.6915701005607844,1610,0.11352518200874329,0.011757339,0.9693955183029175,0.0003,46.0,-21.547407424449922
35620,9,46.1,-24.799693899999998,162,331776,,,,,,,,,,,,
35643,9,46.06,-25.529099289999998,163,333824,0.1189453125,-0.011563820234732703,0.2,0.3931476024677977,-1.686816893517971,1620,0.04714076220989227,0.011907121,0.9615481495857239,0.0003,,
35656,9,46.03,-24.95296372,164,335872,0.114990234375,-0.015136565020657144,0.2,0.6013459008652717,-1.701909064501524,1630,0.1389179825782776,0.011237755,0.958061933517456,0.0003,,
35678,9,46.01,-24.770219620000002,165,337920,0.154345703125,-0.016606409242376684,0.2,0.5637759091565385,-1.6584360659122468,1640,0.048867590725421906,0.015239401,0.9664326310157776,0.0003,,
35701,9,46.01,-24.90124206,166,339968,0.112548828125,-0.01132564369472675,0.2,0.43525836819317193,-1.6406861759722233,1650,0.0645553320646286,0.01362427,0.9704117178916931,0.0003,,
,,,,,340000,0.12626953125,-0.015119104050972965,0.2,0.8694247199222446,-1.7366389133036138,1660,0.021724358201026917,0.015820887,0.9429953098297119,0.0003,46.0,-25.262976172566415
35725,9,46.04,-24.30956189999999,167,342016,,,,,,,,,,,,
35747,9,46.05,-25.32705945,168,344064,0.14912109375,-0.013969588949112221,0.2,0.31027478113537654,-1.7283329255878925,1670,0.01719246804714203,0.013621228,0.9708658456802368,0.0003,,
35767,9,46.06,-26.24281225,169,346112,0.141064453125,-0.013240049031446688,0.2,0.44784475485794245,-1.7256686311215161,1680,0.01576521247625351,0.013426529,0.9670895934104919,0.0003,,
35789,9,46.08,-25.16585955,170,348160,0.098291015625,-0.010561184381367638,0.2,0.39356099707074466,-1.6699413795024156,1690,0.10020057111978531,0.009846924,0.9663217663764954,0.0003,,
,,,,,350000,0.16025390625,-0.015282862656749784,0.2,0.3707609280478209,-1.7334055781364441,1700,0.042871423065662384,0.013936097,0.9771287441253662,0.0003,46.0,-23.968637409806252
35814,9,46.12,-24.773142090000007,171,350208,,,,,,,,,,,,
35834,9,46.11,-25.137546539999995,172,352256,0.15849609375,-0.014474112444440834,0.2,0.3239204556448385,-1.735643655434251,1710,0.03523193672299385,0.014266873,0.9691624045372009,0.0003,,
35851,9,46.05,-25.13212696,173,354304,0.138525390625,-0.013444402944878675,0.2,0.5449197023408487,-1.7043379813432693,1720,0.06723581254482269,0.013291389,0.9650761485099792,0.0003,,
35871,9,46.06,-24.937801869999998,174,356352,0.124658203125,-0.012563721634796821,0.2,0.5066435125423595,-1.7128816034644843,1730,0.0398368313908577,0.010730991,0.965641975402832,0.0003,,
35891,9,46.06,-24.985336559999993,175,358400,0.099951171875,-0.012920766943716444,0.2,0.6185200937092304,-1.7061623264104129,1740,0.12212078273296356,0.009929962,0.9522304534912109,0.0003,,
,,,,,360000,0.183251953125,-0.014397252842900343,0.2,0.42860862859524784,-1.7416178718209268,1750,0.029633015394210815,0.017314024,0.966728925704956,0.0003,46.0,-21.94277778863907
35915,10,46.04,-24.84390465,176,360448,,,,,,,,,,,,
35938,10,46.07,-25.43971809,177,362496,0.13544921875,-0.016748406566330233,0.2,0.6440349650103598,-1.7523198571056127,1760,0.08280784636735916,0.012706103,0.9553497433662415,0.0003,,
35960,10,46.09,-24.68833302,178,364544,0.1193359375,-0.011736136220861226,0.2,0.5660490246722475,-1.7605242744088172,1770,0.04639765992760658,0.011148861,0.9560657143592834,0.0003,,
35982,10,46.06,-25.104165159999997,179,366592,0.128955078125,-0.013486363997799344,0.2,0.35824226986151186,-1.7088665708899498,1780,0.02194027230143547,0.013555363,0.9737855195999146,0.0003,,
36006,10,46.08,-25.207474589999997,180,368640,0.160888671875,-0.01953597568208352,0.2,0.33262178269214926,-1.7510187659412622,1790,-0.016617920249700546,0.013504201,0.9814262390136719,0.0003,,
,,,,,370000,0.137744140625,-0.014818812467274256,0.2,0.34433736512437463,-1.7309971820563077,1800,0.02979094162583351,0.011742637,0.9807036519050598,0.0003,46.0,-24.610740619897843
36030,10,46.07,-24.51726052,181,370688,,,,,,,,,,,,
36053,10,46.07,-24.63189045,182,372736,0.108544921875,-0.013486067252233624,0.2,0.480975875002332,-1.6756159789860248,1810,0.10832717269659042,0.009699107,0.962813675403595,0.0003,,
36076,10,46.02,-25.401873249999994,183,374784,0.13525390625,-0.016660207300446928,0.2,0.35202218359336257,-1.7079658959060908,1820,0.0326419360935688,0.016240483,0.9602266550064087,0.0003,,
36099,10,46.05,-25.627316179999994,184,376832,0.120703125,-0.009347506203630474,0.2,0.35733498494373633,-1.757885254174471,1830,0.015000315383076668,0.010644615,0.9773358106613159,0.0003,,
36123,10,46.05,-25.552462220000002,185,378880,0.16005859375,-0.015273284385330044,0.2,0.5733897891594097,-1.7585611607879401,1840,0.041040681302547455,0.01384958,0.9638479351997375,0.0003,,
,,,,,380000,0.123779296875,-0.01532156025932636,0.2,0.39665010704193265,-1.7649564515799283,1850,0.04191815108060837,0.0125247,0.9669920206069946,0.0003,46.2,-25.062592348456384
36147,10,46.03,-24.374185070000003,186,380928,,,,,,,,,,,,
36171,10,46.03,-24.63248741,187,382976,0.16240234375,-0.014149931989959442,0.2,0.2864329779171385,-1.7434268068522214,1860,0.003711514174938202,0.014368111,0.9688199162483215,0.0003,,
36193,10,46.03,-24.676302739999997,188,385024,0.11337890625,-0.013903949211817234,0.2,0.346874899789691,-1.7744283951818942,1870,0.01512724906206131,0.01049868,0.9737102389335632,0.0003,,
36216,10,46.04,-24.81307324999999,189,387072,0.15048828125,-0.015736375440610573,0.2,0.27108126614475625,-1.7231264185160398,1880,0.020546674728393555,0.013005345,0.9768199920654297,0.0003,,
36239,10,46.03,-25.839890240000003,190,389120,0.129345703125,-0.01335533690144075,0.2,0.3443559916224331,-1.7238940440118313,1890,-0.02384958043694496,0.012684695,0.9760317206382751,0.0003,,
,,,,,390000,0.123046875,-0.014684308954747394,0.2,0.4039614373119548,-1.722883152216673,1900,0.034271687269210815,0.011782597,0.974022626876831,0.0003,46.0,-25.684629368782044
36265,10,46.02,-26.105713719999997,191,391168,,,,,,,,,,,,
36281,10,46.02,-25.104988769999995,192,393216,0.10107421875,-0.014159482176182792,0.2,0.8103668410331011,-1.7471325248479843,1910,0.19462639093399048,0.008920198,0.9528276324272156,0.0003,,
36303,10,46.04,-24.91236035,193,395264,0.142138671875,-0.01530651564244181,0.2,0.38291318805422636,-1.7150986697524786,1920,0.04580484330654144,0.014285142,0.971092700958252,0.0003,,
36325,10,46.04,-25.677246589999996,194,397312,0.119189453125,-0.013110015037818811,0.2,0.4012125090463087,-1.7074026998132468,1930,0.06870557367801666,0.010264512,0.9663339257240295,0.0003,,
36347,10,46.02,-25.635581330000004,195,399360,0.12568359375,-0.014144979254342615,0.2,0.732496750401333,-1.7024169873446227,1940,0.21669861674308777,0.012617821,0.9672919511795044,0.0003,,
,,,,,400000,0.120556640625,-0.01842688714968972,0.2,0.4376963100396097,-1.7039551582187413,1950,0.02188575267791748,0.01427244,0.9591660499572754,0.0003,46.0,-25.163333201408385
36372,11,46.03,-25.602697719999995,196,401408,,,,,,,,,,,,
36395,11,46.03,-25.704057559999995,197,403456,0.1349609375,-0.013032370962901042,0.2,0.43498434310313316,-1.6635326489806175,1960,0.059134505689144135,0.011589261,0.9741947054862976,0.0003,,
36419,11,46.03,-25.671431929999997,198,405504,0.098779296875,-0.010918876668438316,0.2,0.6675867593847216,-1.6622980691492557,1970,0.1276465207338333,0.011924801,0.9628986716270447,0.0003,,
36439,11,46.03,-23.977414009999997,199,407552,0.132666015625,-0.014266849961131811,0.2,0.47442812935914846,-1.6916295558214187,1980,0.07659032940864563,0.013275989,0.9675418138504028,0.0003,,
36460,11,46.03,-23.644390650000002,200,409600,0.1384765625,-0.013437567141954787,0.2,0.39223536669742315,-1.6389208875596524,1990,0.07372504472732544,0.01520697,0.9607284665107727,0.0003,,
,,,,,410000,0.12392578125,-0.011468312228680588,0.2,0.4223398408619687,-1.6901789460331202,2000,-0.015581518411636353,0.009478467,0.9743024706840515,0.0003,46.0,-23.797036933898926
36482,11,46.02,-24.112225319999997,201,411648,,,,,,,,,,,,
36504,11,46.03,-24.25816665,202,413696,0.12802734375,-0.013940547870879528,0.2,0.33887982214801016,-1.7490588519722223,2010,0.01484181359410286,0.012035843,0.9662495851516724,0.0003,,
36527,11,46.07,-24.61008517,203,415744,0.11298828125,-0.012492685700999573,0.2,0.3904326603282243,-1.6710843671113254,2020,0.042773712426424026,0.012522911,0.9612590670585632,0.0003,,
36545,11,46.08,-24.906034959999996,204,417792,0.12421875,-0.015713888133177534,0.2,0.45216752542182803,-1.674483586847782,2030,0.13695663213729858,0.011504586,0.9580681324005127,0.0003,,
36565,11,46.09,-25.450058130000002,205,419840,0.098876953125,-0.012480209427303634,0.2,0.43790758482646197,-1.709173809736967,2040,0.06959418207406998,0.010606576,0.9653511047363281,0.0003,,
,,,,,420000,0.100146484375,-0.01178274001867976,0.2,0.3758517801645212,-1.7308990437537433,2050,0.01899529993534088,0.00884536,0.9727897047996521,0.0003,46.0,-26.123333263397218
36588,11,46.03,-25.043713689999993,206,421888,,,,,,,,,,,,
36611,11,46.02,-24.425336789999996,207,423936,0.13056640625,-0.013920214190147818,0.2,0.4925686475355178,-1.7140956498682498,2060,0.02712436206638813,0.012760846,0.9711074233055115,0.0003,,
36634,11,46.04,-25.119311519999997,208,425984,0.145556640625,-0.014431850756227504,0.2,0.31477220696397124,-1.7313894238322973,2070,0.05462469160556793,0.015758224,0.9698684215545654,0.0003,,
36657,11,46.05,-25.658321700000002,209,428032,0.134326171875,-0.015475502576737198,0.2,0.3107252725982107,-1.793384961038828,2080,0.006904717534780502,0.01579334,0.9671395421028137,0.0003,,
,,,,,430000,0.115185546875,-0.011721781062078662,0.2,0.4025535781751387,-1.7994029186666012,2090,0.017280500382184982,0.011076965,0.9661705493927002,0.0003,46.0,-22.04462964236736
36681,11,46.03,-25.269565619999998,210,430080,,,,,,,,,,,,
36703,11,46.03,-24.36466167,211,432128,0.16015625,-0.022195689455838875,0.2,0.29074425557628275,-1.7190223094075918,2100,0.047304823994636536,0.013339991,0.9821298718452454,0.0003,,
36727,11,46.04,-24.38263104,212,434176,0.12021484375,-0.011441404650395271,0.2,0.42902304690796883,-1.742679027840495,2110,0.04921437054872513,0.01071943,0.9653010368347168,0.0003,,
36745,11,46.05,-25.390106770000003,213,436224,0.124658203125,-0.01652854858257342,0.2,0.2503056059591472,-1.7552440345287323,2120,-0.017269916832447052,0.012221475,0.979121744632721,0.0003,,
36768,11,46.04,-24.96149428999999,214,438272,0.08232421875,-0.011765231509343721,0.2,0.6146011930191889,-1.776894821226597,2130,0.050262387841939926,0.010120887,0.9468944072723389,0.0003,,
,,,,,440000,0.089013671875,-0.011615475369035266,0.2,0.5104149462422356,-1.7745865572243928,2140,-0.0038860738277435303,0.009276571,0.9675548672676086,0.0003,46.0,-24.49185172393918
36792,11,46.03,-25.019289009999998,215,440320,,,,,,,,,,,,
36816,12,46.05,-25.063995879999993,216,442368,0.096630859375,-0.012932723062112928,0.2,0.3489958513760939,-1.8140028189867734,2150,0.01656702160835266,0.008645335,0.9723207950592041,0.0003,,
36839,12,46.11,-24.653440899999996,217,444416,0.133447265625,-0.01446302021795418,0.2,0.36322239725850525,-1.8196221012622118,2160,0.002227768301963806,0.012245413,0.9640762805938721,0.0003,,
36863,12,46.14,-25.18881797000001,218,446464,0.119921875,-0.013789818185614422,0.2,0.19556463750777767,-1.8094831939786673,2170,0.024892007932066917,0.010112194,0.9738597273826599,0.0003,,
36886,12,46.13,-25.290854170000003,219,448512,0.142431640625,-0.015229225531220436,0.2,0.1611452766577713,-1.81182544156909,2180,-0.015015918761491776,0.011949671,0.9823775291442871,0.0003,,
,,,,,450000,0.132568359375,-0.015701351899770087,0.2,0.35838489370653404,-1.6922471560537815,2190,0.052066050469875336,0.0118678175,0.9688817262649536,0.0003,46.2,-20.18925895690918
36911,12,46.05,-24.878080209999993,220,450560,,,,,,,,,,,,
36933,12,46.06,-25.024728049999993,221,452608,0.1423828125,-0.012351775947900023,0.2,0.5501014660811052,-1.7638642083853484,2200,0.057443708181381226,0.012122011,0.9596144556999207,0.0003,,
36953,12,46.09,-24.94064725,222,454656,0.1443359375,-0.013930583422188647,0.2,0.24168996934313328,-1.7621727891266346,2210,-0.0008767656981945038,0.01353536,0.9767565727233887,0.0003,,
36970,12,46.08,-25.5047577,223,456704,0.10341796875,-0.013396500458475203,0.2,0.5446579890791327,-1.8067282434552907,2220,0.18719446659088135,0.010791644,0.9727039933204651,0.0003,,
36986,12,46.09,-24.440474019999993,224,458752,0.155029296875,-0.019009920788812452,0.2,0.23449440352851525,-1.7184372395277023,2230,-0.03263877332210541,0.012984558,0.9694982767105103,0.0003,,
,,,,,460000,0.130322265625,-0.014805353226256557,0.2,0.46949524860829117,-1.8143123883754015,2240,0.0037865862250328064,0.01347461,0.952376127243042,0.0003,46.2,-22.889481407403945
37003,12,46.07,-24.3472153,225,460800,,,,,,,,,,,,
37018,12,46.1,-25.365694939999997,226,462848,0.127294921875,-0.009905462095048279,0.2,0.31017597161699084,-1.796736666932702,2250,0.005031965672969818,0.010893006,0.9610678553581238,0.0003,,
37035,12,46.12,-25.615258329999996,227,464896,0.11904296875,-0.013628613232867792,0.2,0.327014552988112,-1.7941909287124873,2260,0.03319299966096878,0.0104114525,0.9732843041419983,0.0003,,
37053,12,46.12,-26.0165007,228,466944,0.110498046875,-0.01295859483507229,0.2,0.3379455241141841,-1.7897748343646527,2270,0.07710311561822891,0.01272386,0.9740252494812012,0.0003,,
37072,12,46.08,-25.563396980000004,229,468992,0.14677734375,-0.01844404625298921,0.2,0.39695900820661334,-1.7613427329808473,2280,-0.012276194989681244,0.01366855,0.9728368520736694,0.0003,,
,,,,,470000,0.141796875,-0.02002505403361283,0.2,0.34122381482739,-1.744876104220748,2290,-0.018910206854343414,0.013388669,0.9738644361495972,0.0003,46.4,-24.31944441795349
37097,12,46.08,-25.698378039999998,230,471040,,,,,,,,,,,,
37114,12,46.1,-25.40710903,231,473088,0.14619140625,-0.011587951346882619,0.2,0.30243109245784583,-1.7741374544799329,2300,-0.0019983015954494476,0.013867222,0.9721012711524963,0.0003,,
37129,12,46.09,-26.218050239999993,232,475136,0.10791015625,-0.015432021801825613,0.2,0.47722793410066516,-1.7160548698157072,2310,0.0357176810503006,0.011311112,0.963251531124115,0.0003,,
37151,12,46.07,-25.066164659999995,233,477184,0.131396484375,-0.014540927429334261,0.2,0.5113845293177292,-1.747770193219185,2320,0.008823342621326447,0.011513561,0.9505383968353271,0.0003,,
37174,12,46.11,-25.155813769999998,234,479232,0.15361328125,-0.01881657373451162,0.2,0.28746022790437564,-1.7822282832115888,2330,-0.009589657187461853,0.014864736,0.9701766967773438,0.0003,,
,,,,,480000,0.14443359375,-0.016479900875128805,0.2,0.2784548097522929,-1.713670527562499,2340,0.03904946893453598,0.0132158315,0.9753177762031555,0.0003,46.0,-27.414814472198486
37198,12,46.1,-25.2298443,235,481280,,,,,,,,,,,,
37215,12,46.1,-25.978744789999997,236,483328,0.12333984375,-0.016015880074701273,0.2,0.4055701935198158,-1.7178748391568661,2350,0.03227983042597771,0.013406699,0.9704497456550598,0.0003,,
37222,13,46.09,-25.704068609999993,237,485376,0.134765625,-0.01874988158233464,0.2,0.38144794170511886,-1.7442453354597092,2360,0.050844818353652954,0.01598924,0.9698443412780762,0.0003,,
37228,13,46.04,-25.502078049999994,238,487424,0.12314453125,-0.014670242431748193,0.2,0.3301893837982789,-1.7494279570877551,2370,0.06939804553985596,0.011967521,0.975520670413971,0.0003,,
37238,13,46.02,-25.395691780000003,239,489472,0.143798828125,-0.014811457198811695,0.2,0.24833000906510277,-1.7114210020750762,2380,0.018001779913902283,0.014096229,0.975773274898529,0.0003,,
,,,,,490000,0.0998046875,-0.016596814138756598,0.2,0.3553264717804268,-1.6977298852056264,2390,-0.0030585341155529022,0.012489107,0.9768526554107666,0.0003,46.0,-29.637962412834167
37255,13,46.01,-25.50648753,240,491520,,,,,,,,,,,,
37271,13,46.05,-25.72666393,241,493568,0.14609375,-0.014456387207610532,0.2,0.2768837811658159,-1.7035530760884285,2400,0.08192920684814453,0.013942178,0.9800132513046265,0.0003,,
37287,13,46.07,-25.853444879999994,242,495616,0.152001953125,-0.020151688961777835,0.2,0.40395297058857976,-1.714734148979187,2410,0.026689857244491577,0.013420264,0.9635561108589172,0.0003,,
37301,13,46.11,-25.474357310000006,243,497664,0.132666015625,-0.018080551017192192,0.2,0.44115132114384326,-1.7192038919776678,2420,0.08934441953897476,0.011918177,0.9704179167747498,0.0003,,
37319,13,46.11,-26.010442079999997,244,499712,0.13349609375,-0.01734782268758863,0.2,0.44754303835798054,-1.7550145760178566,2430,0.04944058880209923,0.013380609,0.9564307332038879,0.0003,,
,,,,,500000,0.13837890625,-0.01675630853860639,0.2,0.36439428947633135,-1.7271076958626508,2440,-0.00862133502960205,0.012535775,0.9701724052429199,0.0003,46.0,-24.076296234130858
37337,13,46.08,-25.86714426,245,501760,,,,,,,,,,,,
